query,state
dairy farms Ain in Auvergne-Rhône-Alpes,Auvergne-Rhône-Alpes
dairy farms Allier in Auvergne-Rhône-Alpes,Auvergne-Rhône-Alpes
dairy farms Ardèche in Auvergne-Rhône-Alpes,Auvergne-Rhône-Alpes
dairy farms Cantal in Auvergne-Rhône-Alpes,Auvergne-Rhône-Alpes
dairy farms Drôme in Auvergne-Rhône-Alpes,Auvergne-Rhône-Alpes
dairy farms Haute-Loire in Auvergne-Rhône-Alpes,Auvergne-Rhône-Alpes
dairy farms Haute-Savoie in Auvergne-Rhône-Alpes,Auvergne-Rhône-Alpes
dairy farms Isère in Auvergne-Rhône-Alpes,Auvergne-Rhône-Alpes
dairy farms Loire in Auvergne-Rhône-Alpes,Auvergne-Rhône-Alpes
dairy farms Puy-de-Dôme in Auvergne-Rhône-Alpes,Auvergne-Rhône-Alpes
dairy farms Rhône in Auvergne-Rhône-Alpes,Auvergne-Rhône-Alpes
dairy farms Savoie in Auvergne-Rhône-Alpes,Auvergne-Rhône-Alpes
poultry farms Ain in Auvergne-Rhône-Alpes,Auvergne-Rhône-Alpes
poultry farms Allier in Auvergne-Rhône-Alpes,Auvergne-Rhône-Alpes
poultry farms Ardèche in Auvergne-Rhône-Alpes,Auvergne-Rhône-Alpes
poultry farms Cantal in Auvergne-Rhône-Alpes,Auvergne-Rhône-Alpes
poultry farms Drôme in Auvergne-Rhône-Alpes,Auvergne-Rhône-Alpes
poultry farms Haute-Loire in Auvergne-Rhône-Alpes,Auvergne-Rhône-Alpes
poultry farms Haute-Savoie in Auvergne-Rhône-Alpes,Auvergne-Rhône-Alpes
poultry farms Isère in Auvergne-Rhône-Alpes,Auvergne-Rhône-Alpes
poultry farms Loire in Auvergne-Rhône-Alpes,Auvergne-Rhône-Alpes
poultry farms Puy-de-Dôme in Auvergne-Rhône-Alpes,Auvergne-Rhône-Alpes
poultry farms Rhône in Auvergne-Rhône-Alpes,Auvergne-Rhône-Alpes
poultry farms Savoie in Auvergne-Rhône-Alpes,Auvergne-Rhône-Alpes
cattle farms Ain in Auvergne-Rhône-Alpes,Auvergne-Rhône-Alpes
cattle farms Allier in Auvergne-Rhône-Alpes,Auvergne-Rhône-Alpes
cattle farms Ardèche in Auvergne-Rhône-Alpes,Auvergne-Rhône-Alpes
cattle farms Cantal in Auvergne-Rhône-Alpes,Auvergne-Rhône-Alpes
cattle farms Drôme in Auvergne-Rhône-Alpes,Auvergne-Rhône-Alpes
cattle farms Haute-Loire in Auvergne-Rhône-Alpes,Auvergne-Rhône-Alpes
cattle farms Haute-Savoie in Auvergne-Rhône-Alpes,Auvergne-Rhône-Alpes
cattle farms Isère in Auvergne-Rhône-Alpes,Auvergne-Rhône-Alpes
cattle farms Loire in Auvergne-Rhône-Alpes,Auvergne-Rhône-Alpes
cattle farms Puy-de-Dôme in Auvergne-Rhône-Alpes,Auvergne-Rhône-Alpes
cattle farms Rhône in Auvergne-Rhône-Alpes,Auvergne-Rhône-Alpes
cattle farms Savoie in Auvergne-Rhône-Alpes,Auvergne-Rhône-Alpes
livestock farms Ain in Auvergne-Rhône-Alpes,Auvergne-Rhône-Alpes
livestock farms Allier in Auvergne-Rhône-Alpes,Auvergne-Rhône-Alpes
livestock farms Ardèche in Auvergne-Rhône-Alpes,Auvergne-Rhône-Alpes
livestock farms Cantal in Auvergne-Rhône-Alpes,Auvergne-Rhône-Alpes
livestock farms Drôme in Auvergne-Rhône-Alpes,Auvergne-Rhône-Alpes
livestock farms Haute-Loire in Auvergne-Rhône-Alpes,Auvergne-Rhône-Alpes
livestock farms Haute-Savoie in Auvergne-Rhône-Alpes,Auvergne-Rhône-Alpes
livestock farms Isère in Auvergne-Rhône-Alpes,Auvergne-Rhône-Alpes
livestock farms Loire in Auvergne-Rhône-Alpes,Auvergne-Rhône-Alpes
livestock farms Puy-de-Dôme in Auvergne-Rhône-Alpes,Auvergne-Rhône-Alpes
livestock farms Rhône in Auvergne-Rhône-Alpes,Auvergne-Rhône-Alpes
livestock farms Savoie in Auvergne-Rhône-Alpes,Auvergne-Rhône-Alpes
pig farms Ain in Auvergne-Rhône-Alpes,Auvergne-Rhône-Alpes
pig farms Allier in Auvergne-Rhône-Alpes,Auvergne-Rhône-Alpes
pig farms Ardèche in Auvergne-Rhône-Alpes,Auvergne-Rhône-Alpes
pig farms Cantal in Auvergne-Rhône-Alpes,Auvergne-Rhône-Alpes
pig farms Drôme in Auvergne-Rhône-Alpes,Auvergne-Rhône-Alpes
pig farms Haute-Loire in Auvergne-Rhône-Alpes,Auvergne-Rhône-Alpes
pig farms Haute-Savoie in Auvergne-Rhône-Alpes,Auvergne-Rhône-Alpes
pig farms Isère in Auvergne-Rhône-Alpes,Auvergne-Rhône-Alpes
pig farms Loire in Auvergne-Rhône-Alpes,Auvergne-Rhône-Alpes
pig farms Puy-de-Dôme in Auvergne-Rhône-Alpes,Auvergne-Rhône-Alpes
pig farms Rhône in Auvergne-Rhône-Alpes,Auvergne-Rhône-Alpes
pig farms Savoie in Auvergne-Rhône-Alpes,Auvergne-Rhône-Alpes
fish farms Ain in Auvergne-Rhône-Alpes,Auvergne-Rhône-Alpes
fish farms Allier in Auvergne-Rhône-Alpes,Auvergne-Rhône-Alpes
fish farms Ardèche in Auvergne-Rhône-Alpes,Auvergne-Rhône-Alpes
fish farms Cantal in Auvergne-Rhône-Alpes,Auvergne-Rhône-Alpes
fish farms Drôme in Auvergne-Rhône-Alpes,Auvergne-Rhône-Alpes
fish farms Haute-Loire in Auvergne-Rhône-Alpes,Auvergne-Rhône-Alpes
fish farms Haute-Savoie in Auvergne-Rhône-Alpes,Auvergne-Rhône-Alpes
fish farms Isère in Auvergne-Rhône-Alpes,Auvergne-Rhône-Alpes
fish farms Loire in Auvergne-Rhône-Alpes,Auvergne-Rhône-Alpes
fish farms Puy-de-Dôme in Auvergne-Rhône-Alpes,Auvergne-Rhône-Alpes
fish farms Rhône in Auvergne-Rhône-Alpes,Auvergne-Rhône-Alpes
fish farms Savoie in Auvergne-Rhône-Alpes,Auvergne-Rhône-Alpes
aquaculture farms Ain in Auvergne-Rhône-Alpes,Auvergne-Rhône-Alpes
aquaculture farms Allier in Auvergne-Rhône-Alpes,Auvergne-Rhône-Alpes
aquaculture farms Ardèche in Auvergne-Rhône-Alpes,Auvergne-Rhône-Alpes
aquaculture farms Cantal in Auvergne-Rhône-Alpes,Auvergne-Rhône-Alpes
aquaculture farms Drôme in Auvergne-Rhône-Alpes,Auvergne-Rhône-Alpes
aquaculture farms Haute-Loire in Auvergne-Rhône-Alpes,Auvergne-Rhône-Alpes
aquaculture farms Haute-Savoie in Auvergne-Rhône-Alpes,Auvergne-Rhône-Alpes
aquaculture farms Isère in Auvergne-Rhône-Alpes,Auvergne-Rhône-Alpes
aquaculture farms Loire in Auvergne-Rhône-Alpes,Auvergne-Rhône-Alpes
aquaculture farms Puy-de-Dôme in Auvergne-Rhône-Alpes,Auvergne-Rhône-Alpes
aquaculture farms Rhône in Auvergne-Rhône-Alpes,Auvergne-Rhône-Alpes
aquaculture farms Savoie in Auvergne-Rhône-Alpes,Auvergne-Rhône-Alpes
egg farmers Ain in Auvergne-Rhône-Alpes,Auvergne-Rhône-Alpes
egg farmers Allier in Auvergne-Rhône-Alpes,Auvergne-Rhône-Alpes
egg farmers Ardèche in Auvergne-Rhône-Alpes,Auvergne-Rhône-Alpes
egg farmers Cantal in Auvergne-Rhône-Alpes,Auvergne-Rhône-Alpes
egg farmers Drôme in Auvergne-Rhône-Alpes,Auvergne-Rhône-Alpes
egg farmers Haute-Loire in Auvergne-Rhône-Alpes,Auvergne-Rhône-Alpes
egg farmers Haute-Savoie in Auvergne-Rhône-Alpes,Auvergne-Rhône-Alpes
egg farmers Isère in Auvergne-Rhône-Alpes,Auvergne-Rhône-Alpes
egg farmers Loire in Auvergne-Rhône-Alpes,Auvergne-Rhône-Alpes
egg farmers Puy-de-Dôme in Auvergne-Rhône-Alpes,Auvergne-Rhône-Alpes
egg farmers Rhône in Auvergne-Rhône-Alpes,Auvergne-Rhône-Alpes
egg farmers Savoie in Auvergne-Rhône-Alpes,Auvergne-Rhône-Alpes
chicken hatchery Ain in Auvergne-Rhône-Alpes,Auvergne-Rhône-Alpes
chicken hatchery Allier in Auvergne-Rhône-Alpes,Auvergne-Rhône-Alpes
chicken hatchery Ardèche in Auvergne-Rhône-Alpes,Auvergne-Rhône-Alpes
chicken hatchery Cantal in Auvergne-Rhône-Alpes,Auvergne-Rhône-Alpes
chicken hatchery Drôme in Auvergne-Rhône-Alpes,Auvergne-Rhône-Alpes
chicken hatchery Haute-Loire in Auvergne-Rhône-Alpes,Auvergne-Rhône-Alpes
chicken hatchery Haute-Savoie in Auvergne-Rhône-Alpes,Auvergne-Rhône-Alpes
chicken hatchery Isère in Auvergne-Rhône-Alpes,Auvergne-Rhône-Alpes
chicken hatchery Loire in Auvergne-Rhône-Alpes,Auvergne-Rhône-Alpes
chicken hatchery Puy-de-Dôme in Auvergne-Rhône-Alpes,Auvergne-Rhône-Alpes
chicken hatchery Rhône in Auvergne-Rhône-Alpes,Auvergne-Rhône-Alpes
chicken hatchery Savoie in Auvergne-Rhône-Alpes,Auvergne-Rhône-Alpes
shrimp farms Ain in Auvergne-Rhône-Alpes,Auvergne-Rhône-Alpes
shrimp farms Allier in Auvergne-Rhône-Alpes,Auvergne-Rhône-Alpes
shrimp farms Ardèche in Auvergne-Rhône-Alpes,Auvergne-Rhône-Alpes
shrimp farms Cantal in Auvergne-Rhône-Alpes,Auvergne-Rhône-Alpes
shrimp farms Drôme in Auvergne-Rhône-Alpes,Auvergne-Rhône-Alpes
shrimp farms Haute-Loire in Auvergne-Rhône-Alpes,Auvergne-Rhône-Alpes
shrimp farms Haute-Savoie in Auvergne-Rhône-Alpes,Auvergne-Rhône-Alpes
shrimp farms Isère in Auvergne-Rhône-Alpes,Auvergne-Rhône-Alpes
shrimp farms Loire in Auvergne-Rhône-Alpes,Auvergne-Rhône-Alpes
shrimp farms Puy-de-Dôme in Auvergne-Rhône-Alpes,Auvergne-Rhône-Alpes
shrimp farms Rhône in Auvergne-Rhône-Alpes,Auvergne-Rhône-Alpes
shrimp farms Savoie in Auvergne-Rhône-Alpes,Auvergne-Rhône-Alpes
seafood farms Ain in Auvergne-Rhône-Alpes,Auvergne-Rhône-Alpes
seafood farms Allier in Auvergne-Rhône-Alpes,Auvergne-Rhône-Alpes
seafood farms Ardèche in Auvergne-Rhône-Alpes,Auvergne-Rhône-Alpes
seafood farms Cantal in Auvergne-Rhône-Alpes,Auvergne-Rhône-Alpes
seafood farms Drôme in Auvergne-Rhône-Alpes,Auvergne-Rhône-Alpes
seafood farms Haute-Loire in Auvergne-Rhône-Alpes,Auvergne-Rhône-Alpes
seafood farms Haute-Savoie in Auvergne-Rhône-Alpes,Auvergne-Rhône-Alpes
seafood farms Isère in Auvergne-Rhône-Alpes,Auvergne-Rhône-Alpes
seafood farms Loire in Auvergne-Rhône-Alpes,Auvergne-Rhône-Alpes
seafood farms Puy-de-Dôme in Auvergne-Rhône-Alpes,Auvergne-Rhône-Alpes
seafood farms Rhône in Auvergne-Rhône-Alpes,Auvergne-Rhône-Alpes
seafood farms Savoie in Auvergne-Rhône-Alpes,Auvergne-Rhône-Alpes
beef farms Ain in Auvergne-Rhône-Alpes,Auvergne-Rhône-Alpes
beef farms Allier in Auvergne-Rhône-Alpes,Auvergne-Rhône-Alpes
beef farms Ardèche in Auvergne-Rhône-Alpes,Auvergne-Rhône-Alpes
beef farms Cantal in Auvergne-Rhône-Alpes,Auvergne-Rhône-Alpes
beef farms Drôme in Auvergne-Rhône-Alpes,Auvergne-Rhône-Alpes
beef farms Haute-Loire in Auvergne-Rhône-Alpes,Auvergne-Rhône-Alpes
beef farms Haute-Savoie in Auvergne-Rhône-Alpes,Auvergne-Rhône-Alpes
beef farms Isère in Auvergne-Rhône-Alpes,Auvergne-Rhône-Alpes
beef farms Loire in Auvergne-Rhône-Alpes,Auvergne-Rhône-Alpes
beef farms Puy-de-Dôme in Auvergne-Rhône-Alpes,Auvergne-Rhône-Alpes
beef farms Rhône in Auvergne-Rhône-Alpes,Auvergne-Rhône-Alpes
beef farms Savoie in Auvergne-Rhône-Alpes,Auvergne-Rhône-Alpes
meat producer Ain in Auvergne-Rhône-Alpes,Auvergne-Rhône-Alpes
meat producer Allier in Auvergne-Rhône-Alpes,Auvergne-Rhône-Alpes
meat producer Ardèche in Auvergne-Rhône-Alpes,Auvergne-Rhône-Alpes
meat producer Cantal in Auvergne-Rhône-Alpes,Auvergne-Rhône-Alpes
meat producer Drôme in Auvergne-Rhône-Alpes,Auvergne-Rhône-Alpes
meat producer Haute-Loire in Auvergne-Rhône-Alpes,Auvergne-Rhône-Alpes
meat producer Haute-Savoie in Auvergne-Rhône-Alpes,Auvergne-Rhône-Alpes
meat producer Isère in Auvergne-Rhône-Alpes,Auvergne-Rhône-Alpes
meat producer Loire in Auvergne-Rhône-Alpes,Auvergne-Rhône-Alpes
meat producer Puy-de-Dôme in Auvergne-Rhône-Alpes,Auvergne-Rhône-Alpes
meat producer Rhône in Auvergne-Rhône-Alpes,Auvergne-Rhône-Alpes
meat producer Savoie in Auvergne-Rhône-Alpes,Auvergne-Rhône-Alpes
dairy farms Côte-d'Or in Bourgogne-Franche-Comté,Bourgogne-Franche-Comté
dairy farms Doubs in Bourgogne-Franche-Comté,Bourgogne-Franche-Comté
dairy farms Haute-Saône in Bourgogne-Franche-Comté,Bourgogne-Franche-Comté
dairy farms Jura in Bourgogne-Franche-Comté,Bourgogne-Franche-Comté
dairy farms Nièvre in Bourgogne-Franche-Comté,Bourgogne-Franche-Comté
dairy farms Saône-et-Loire in Bourgogne-Franche-Comté,Bourgogne-Franche-Comté
dairy farms Territoire de Belfort in Bourgogne-Franche-Comté,Bourgogne-Franche-Comté
dairy farms Yonne in Bourgogne-Franche-Comté,Bourgogne-Franche-Comté
poultry farms Côte-d'Or in Bourgogne-Franche-Comté,Bourgogne-Franche-Comté
poultry farms Doubs in Bourgogne-Franche-Comté,Bourgogne-Franche-Comté
poultry farms Haute-Saône in Bourgogne-Franche-Comté,Bourgogne-Franche-Comté
poultry farms Jura in Bourgogne-Franche-Comté,Bourgogne-Franche-Comté
poultry farms Nièvre in Bourgogne-Franche-Comté,Bourgogne-Franche-Comté
poultry farms Saône-et-Loire in Bourgogne-Franche-Comté,Bourgogne-Franche-Comté
poultry farms Territoire de Belfort in Bourgogne-Franche-Comté,Bourgogne-Franche-Comté
poultry farms Yonne in Bourgogne-Franche-Comté,Bourgogne-Franche-Comté
cattle farms Côte-d'Or in Bourgogne-Franche-Comté,Bourgogne-Franche-Comté
cattle farms Doubs in Bourgogne-Franche-Comté,Bourgogne-Franche-Comté
cattle farms Haute-Saône in Bourgogne-Franche-Comté,Bourgogne-Franche-Comté
cattle farms Jura in Bourgogne-Franche-Comté,Bourgogne-Franche-Comté
cattle farms Nièvre in Bourgogne-Franche-Comté,Bourgogne-Franche-Comté
cattle farms Saône-et-Loire in Bourgogne-Franche-Comté,Bourgogne-Franche-Comté
cattle farms Territoire de Belfort in Bourgogne-Franche-Comté,Bourgogne-Franche-Comté
cattle farms Yonne in Bourgogne-Franche-Comté,Bourgogne-Franche-Comté
livestock farms Côte-d'Or in Bourgogne-Franche-Comté,Bourgogne-Franche-Comté
livestock farms Doubs in Bourgogne-Franche-Comté,Bourgogne-Franche-Comté
livestock farms Haute-Saône in Bourgogne-Franche-Comté,Bourgogne-Franche-Comté
livestock farms Jura in Bourgogne-Franche-Comté,Bourgogne-Franche-Comté
livestock farms Nièvre in Bourgogne-Franche-Comté,Bourgogne-Franche-Comté
livestock farms Saône-et-Loire in Bourgogne-Franche-Comté,Bourgogne-Franche-Comté
livestock farms Territoire de Belfort in Bourgogne-Franche-Comté,Bourgogne-Franche-Comté
livestock farms Yonne in Bourgogne-Franche-Comté,Bourgogne-Franche-Comté
pig farms Côte-d'Or in Bourgogne-Franche-Comté,Bourgogne-Franche-Comté
pig farms Doubs in Bourgogne-Franche-Comté,Bourgogne-Franche-Comté
pig farms Haute-Saône in Bourgogne-Franche-Comté,Bourgogne-Franche-Comté
pig farms Jura in Bourgogne-Franche-Comté,Bourgogne-Franche-Comté
pig farms Nièvre in Bourgogne-Franche-Comté,Bourgogne-Franche-Comté
pig farms Saône-et-Loire in Bourgogne-Franche-Comté,Bourgogne-Franche-Comté
pig farms Territoire de Belfort in Bourgogne-Franche-Comté,Bourgogne-Franche-Comté
pig farms Yonne in Bourgogne-Franche-Comté,Bourgogne-Franche-Comté
fish farms Côte-d'Or in Bourgogne-Franche-Comté,Bourgogne-Franche-Comté
fish farms Doubs in Bourgogne-Franche-Comté,Bourgogne-Franche-Comté
fish farms Haute-Saône in Bourgogne-Franche-Comté,Bourgogne-Franche-Comté
fish farms Jura in Bourgogne-Franche-Comté,Bourgogne-Franche-Comté
fish farms Nièvre in Bourgogne-Franche-Comté,Bourgogne-Franche-Comté
fish farms Saône-et-Loire in Bourgogne-Franche-Comté,Bourgogne-Franche-Comté
fish farms Territoire de Belfort in Bourgogne-Franche-Comté,Bourgogne-Franche-Comté
fish farms Yonne in Bourgogne-Franche-Comté,Bourgogne-Franche-Comté
aquaculture farms Côte-d'Or in Bourgogne-Franche-Comté,Bourgogne-Franche-Comté
aquaculture farms Doubs in Bourgogne-Franche-Comté,Bourgogne-Franche-Comté
aquaculture farms Haute-Saône in Bourgogne-Franche-Comté,Bourgogne-Franche-Comté
aquaculture farms Jura in Bourgogne-Franche-Comté,Bourgogne-Franche-Comté
aquaculture farms Nièvre in Bourgogne-Franche-Comté,Bourgogne-Franche-Comté
aquaculture farms Saône-et-Loire in Bourgogne-Franche-Comté,Bourgogne-Franche-Comté
aquaculture farms Territoire de Belfort in Bourgogne-Franche-Comté,Bourgogne-Franche-Comté
aquaculture farms Yonne in Bourgogne-Franche-Comté,Bourgogne-Franche-Comté
egg farmers Côte-d'Or in Bourgogne-Franche-Comté,Bourgogne-Franche-Comté
egg farmers Doubs in Bourgogne-Franche-Comté,Bourgogne-Franche-Comté
egg farmers Haute-Saône in Bourgogne-Franche-Comté,Bourgogne-Franche-Comté
egg farmers Jura in Bourgogne-Franche-Comté,Bourgogne-Franche-Comté
egg farmers Nièvre in Bourgogne-Franche-Comté,Bourgogne-Franche-Comté
egg farmers Saône-et-Loire in Bourgogne-Franche-Comté,Bourgogne-Franche-Comté
egg farmers Territoire de Belfort in Bourgogne-Franche-Comté,Bourgogne-Franche-Comté
egg farmers Yonne in Bourgogne-Franche-Comté,Bourgogne-Franche-Comté
chicken hatchery Côte-d'Or in Bourgogne-Franche-Comté,Bourgogne-Franche-Comté
chicken hatchery Doubs in Bourgogne-Franche-Comté,Bourgogne-Franche-Comté
chicken hatchery Haute-Saône in Bourgogne-Franche-Comté,Bourgogne-Franche-Comté
chicken hatchery Jura in Bourgogne-Franche-Comté,Bourgogne-Franche-Comté
chicken hatchery Nièvre in Bourgogne-Franche-Comté,Bourgogne-Franche-Comté
chicken hatchery Saône-et-Loire in Bourgogne-Franche-Comté,Bourgogne-Franche-Comté
chicken hatchery Territoire de Belfort in Bourgogne-Franche-Comté,Bourgogne-Franche-Comté
chicken hatchery Yonne in Bourgogne-Franche-Comté,Bourgogne-Franche-Comté
shrimp farms Côte-d'Or in Bourgogne-Franche-Comté,Bourgogne-Franche-Comté
shrimp farms Doubs in Bourgogne-Franche-Comté,Bourgogne-Franche-Comté
shrimp farms Haute-Saône in Bourgogne-Franche-Comté,Bourgogne-Franche-Comté
shrimp farms Jura in Bourgogne-Franche-Comté,Bourgogne-Franche-Comté
shrimp farms Nièvre in Bourgogne-Franche-Comté,Bourgogne-Franche-Comté
shrimp farms Saône-et-Loire in Bourgogne-Franche-Comté,Bourgogne-Franche-Comté
shrimp farms Territoire de Belfort in Bourgogne-Franche-Comté,Bourgogne-Franche-Comté
shrimp farms Yonne in Bourgogne-Franche-Comté,Bourgogne-Franche-Comté
seafood farms Côte-d'Or in Bourgogne-Franche-Comté,Bourgogne-Franche-Comté
seafood farms Doubs in Bourgogne-Franche-Comté,Bourgogne-Franche-Comté
seafood farms Haute-Saône in Bourgogne-Franche-Comté,Bourgogne-Franche-Comté
seafood farms Jura in Bourgogne-Franche-Comté,Bourgogne-Franche-Comté
seafood farms Nièvre in Bourgogne-Franche-Comté,Bourgogne-Franche-Comté
seafood farms Saône-et-Loire in Bourgogne-Franche-Comté,Bourgogne-Franche-Comté
seafood farms Territoire de Belfort in Bourgogne-Franche-Comté,Bourgogne-Franche-Comté
seafood farms Yonne in Bourgogne-Franche-Comté,Bourgogne-Franche-Comté
beef farms Côte-d'Or in Bourgogne-Franche-Comté,Bourgogne-Franche-Comté
beef farms Doubs in Bourgogne-Franche-Comté,Bourgogne-Franche-Comté
beef farms Haute-Saône in Bourgogne-Franche-Comté,Bourgogne-Franche-Comté
beef farms Jura in Bourgogne-Franche-Comté,Bourgogne-Franche-Comté
beef farms Nièvre in Bourgogne-Franche-Comté,Bourgogne-Franche-Comté
beef farms Saône-et-Loire in Bourgogne-Franche-Comté,Bourgogne-Franche-Comté
beef farms Territoire de Belfort in Bourgogne-Franche-Comté,Bourgogne-Franche-Comté
beef farms Yonne in Bourgogne-Franche-Comté,Bourgogne-Franche-Comté
meat producer Côte-d'Or in Bourgogne-Franche-Comté,Bourgogne-Franche-Comté
meat producer Doubs in Bourgogne-Franche-Comté,Bourgogne-Franche-Comté
meat producer Haute-Saône in Bourgogne-Franche-Comté,Bourgogne-Franche-Comté
meat producer Jura in Bourgogne-Franche-Comté,Bourgogne-Franche-Comté
meat producer Nièvre in Bourgogne-Franche-Comté,Bourgogne-Franche-Comté
meat producer Saône-et-Loire in Bourgogne-Franche-Comté,Bourgogne-Franche-Comté
meat producer Territoire de Belfort in Bourgogne-Franche-Comté,Bourgogne-Franche-Comté
meat producer Yonne in Bourgogne-Franche-Comté,Bourgogne-Franche-Comté
dairy farms Côtes-d'Armor in Bretagne,Bretagne
dairy farms Finistère in Bretagne,Bretagne
dairy farms Ille-et-Vilaine in Bretagne,Bretagne
dairy farms Morbihan in Bretagne,Bretagne
poultry farms Côtes-d'Armor in Bretagne,Bretagne
poultry farms Finistère in Bretagne,Bretagne
poultry farms Ille-et-Vilaine in Bretagne,Bretagne
poultry farms Morbihan in Bretagne,Bretagne
cattle farms Côtes-d'Armor in Bretagne,Bretagne
cattle farms Finistère in Bretagne,Bretagne
cattle farms Ille-et-Vilaine in Bretagne,Bretagne
cattle farms Morbihan in Bretagne,Bretagne
livestock farms Côtes-d'Armor in Bretagne,Bretagne
livestock farms Finistère in Bretagne,Bretagne
livestock farms Ille-et-Vilaine in Bretagne,Bretagne
livestock farms Morbihan in Bretagne,Bretagne
pig farms Côtes-d'Armor in Bretagne,Bretagne
pig farms Finistère in Bretagne,Bretagne
pig farms Ille-et-Vilaine in Bretagne,Bretagne
pig farms Morbihan in Bretagne,Bretagne
fish farms Côtes-d'Armor in Bretagne,Bretagne
fish farms Finistère in Bretagne,Bretagne
fish farms Ille-et-Vilaine in Bretagne,Bretagne
fish farms Morbihan in Bretagne,Bretagne
aquaculture farms Côtes-d'Armor in Bretagne,Bretagne
aquaculture farms Finistère in Bretagne,Bretagne
aquaculture farms Ille-et-Vilaine in Bretagne,Bretagne
aquaculture farms Morbihan in Bretagne,Bretagne
egg farmers Côtes-d'Armor in Bretagne,Bretagne
egg farmers Finistère in Bretagne,Bretagne
egg farmers Ille-et-Vilaine in Bretagne,Bretagne
egg farmers Morbihan in Bretagne,Bretagne
chicken hatchery Côtes-d'Armor in Bretagne,Bretagne
chicken hatchery Finistère in Bretagne,Bretagne
chicken hatchery Ille-et-Vilaine in Bretagne,Bretagne
chicken hatchery Morbihan in Bretagne,Bretagne
shrimp farms Côtes-d'Armor in Bretagne,Bretagne
shrimp farms Finistère in Bretagne,Bretagne
shrimp farms Ille-et-Vilaine in Bretagne,Bretagne
shrimp farms Morbihan in Bretagne,Bretagne
seafood farms Côtes-d'Armor in Bretagne,Bretagne
seafood farms Finistère in Bretagne,Bretagne
seafood farms Ille-et-Vilaine in Bretagne,Bretagne
seafood farms Morbihan in Bretagne,Bretagne
beef farms Côtes-d'Armor in Bretagne,Bretagne
beef farms Finistère in Bretagne,Bretagne
beef farms Ille-et-Vilaine in Bretagne,Bretagne
beef farms Morbihan in Bretagne,Bretagne
meat producer Côtes-d'Armor in Bretagne,Bretagne
meat producer Finistère in Bretagne,Bretagne
meat producer Ille-et-Vilaine in Bretagne,Bretagne
meat producer Morbihan in Bretagne,Bretagne
dairy farms Cher in Centre-Val de Loire,Centre-Val de Loire
dairy farms Eure-et-Loir in Centre-Val de Loire,Centre-Val de Loire
dairy farms Indre in Centre-Val de Loire,Centre-Val de Loire
dairy farms Indre-et-Loire in Centre-Val de Loire,Centre-Val de Loire
dairy farms Loir-et-Cher in Centre-Val de Loire,Centre-Val de Loire
dairy farms Loiret in Centre-Val de Loire,Centre-Val de Loire
poultry farms Cher in Centre-Val de Loire,Centre-Val de Loire
poultry farms Eure-et-Loir in Centre-Val de Loire,Centre-Val de Loire
poultry farms Indre in Centre-Val de Loire,Centre-Val de Loire
poultry farms Indre-et-Loire in Centre-Val de Loire,Centre-Val de Loire
poultry farms Loir-et-Cher in Centre-Val de Loire,Centre-Val de Loire
poultry farms Loiret in Centre-Val de Loire,Centre-Val de Loire
cattle farms Cher in Centre-Val de Loire,Centre-Val de Loire
cattle farms Eure-et-Loir in Centre-Val de Loire,Centre-Val de Loire
cattle farms Indre in Centre-Val de Loire,Centre-Val de Loire
cattle farms Indre-et-Loire in Centre-Val de Loire,Centre-Val de Loire
cattle farms Loir-et-Cher in Centre-Val de Loire,Centre-Val de Loire
cattle farms Loiret in Centre-Val de Loire,Centre-Val de Loire
livestock farms Cher in Centre-Val de Loire,Centre-Val de Loire
livestock farms Eure-et-Loir in Centre-Val de Loire,Centre-Val de Loire
livestock farms Indre in Centre-Val de Loire,Centre-Val de Loire
livestock farms Indre-et-Loire in Centre-Val de Loire,Centre-Val de Loire
livestock farms Loir-et-Cher in Centre-Val de Loire,Centre-Val de Loire
livestock farms Loiret in Centre-Val de Loire,Centre-Val de Loire
pig farms Cher in Centre-Val de Loire,Centre-Val de Loire
pig farms Eure-et-Loir in Centre-Val de Loire,Centre-Val de Loire
pig farms Indre in Centre-Val de Loire,Centre-Val de Loire
pig farms Indre-et-Loire in Centre-Val de Loire,Centre-Val de Loire
pig farms Loir-et-Cher in Centre-Val de Loire,Centre-Val de Loire
pig farms Loiret in Centre-Val de Loire,Centre-Val de Loire
fish farms Cher in Centre-Val de Loire,Centre-Val de Loire
fish farms Eure-et-Loir in Centre-Val de Loire,Centre-Val de Loire
fish farms Indre in Centre-Val de Loire,Centre-Val de Loire
fish farms Indre-et-Loire in Centre-Val de Loire,Centre-Val de Loire
fish farms Loir-et-Cher in Centre-Val de Loire,Centre-Val de Loire
fish farms Loiret in Centre-Val de Loire,Centre-Val de Loire
aquaculture farms Cher in Centre-Val de Loire,Centre-Val de Loire
aquaculture farms Eure-et-Loir in Centre-Val de Loire,Centre-Val de Loire
aquaculture farms Indre in Centre-Val de Loire,Centre-Val de Loire
aquaculture farms Indre-et-Loire in Centre-Val de Loire,Centre-Val de Loire
aquaculture farms Loir-et-Cher in Centre-Val de Loire,Centre-Val de Loire
aquaculture farms Loiret in Centre-Val de Loire,Centre-Val de Loire
egg farmers Cher in Centre-Val de Loire,Centre-Val de Loire
egg farmers Eure-et-Loir in Centre-Val de Loire,Centre-Val de Loire
egg farmers Indre in Centre-Val de Loire,Centre-Val de Loire
egg farmers Indre-et-Loire in Centre-Val de Loire,Centre-Val de Loire
egg farmers Loir-et-Cher in Centre-Val de Loire,Centre-Val de Loire
egg farmers Loiret in Centre-Val de Loire,Centre-Val de Loire
chicken hatchery Cher in Centre-Val de Loire,Centre-Val de Loire
chicken hatchery Eure-et-Loir in Centre-Val de Loire,Centre-Val de Loire
chicken hatchery Indre in Centre-Val de Loire,Centre-Val de Loire
chicken hatchery Indre-et-Loire in Centre-Val de Loire,Centre-Val de Loire
chicken hatchery Loir-et-Cher in Centre-Val de Loire,Centre-Val de Loire
chicken hatchery Loiret in Centre-Val de Loire,Centre-Val de Loire
shrimp farms Cher in Centre-Val de Loire,Centre-Val de Loire
shrimp farms Eure-et-Loir in Centre-Val de Loire,Centre-Val de Loire
shrimp farms Indre in Centre-Val de Loire,Centre-Val de Loire
shrimp farms Indre-et-Loire in Centre-Val de Loire,Centre-Val de Loire
shrimp farms Loir-et-Cher in Centre-Val de Loire,Centre-Val de Loire
shrimp farms Loiret in Centre-Val de Loire,Centre-Val de Loire
seafood farms Cher in Centre-Val de Loire,Centre-Val de Loire
seafood farms Eure-et-Loir in Centre-Val de Loire,Centre-Val de Loire
seafood farms Indre in Centre-Val de Loire,Centre-Val de Loire
seafood farms Indre-et-Loire in Centre-Val de Loire,Centre-Val de Loire
seafood farms Loir-et-Cher in Centre-Val de Loire,Centre-Val de Loire
seafood farms Loiret in Centre-Val de Loire,Centre-Val de Loire
beef farms Cher in Centre-Val de Loire,Centre-Val de Loire
beef farms Eure-et-Loir in Centre-Val de Loire,Centre-Val de Loire
beef farms Indre in Centre-Val de Loire,Centre-Val de Loire
beef farms Indre-et-Loire in Centre-Val de Loire,Centre-Val de Loire
beef farms Loir-et-Cher in Centre-Val de Loire,Centre-Val de Loire
beef farms Loiret in Centre-Val de Loire,Centre-Val de Loire
meat producer Cher in Centre-Val de Loire,Centre-Val de Loire
meat producer Eure-et-Loir in Centre-Val de Loire,Centre-Val de Loire
meat producer Indre in Centre-Val de Loire,Centre-Val de Loire
meat producer Indre-et-Loire in Centre-Val de Loire,Centre-Val de Loire
meat producer Loir-et-Cher in Centre-Val de Loire,Centre-Val de Loire
meat producer Loiret in Centre-Val de Loire,Centre-Val de Loire
dairy farms Corse-du-Sud in Corse,Corse
dairy farms Haute-Corse in Corse,Corse
poultry farms Corse-du-Sud in Corse,Corse
poultry farms Haute-Corse in Corse,Corse
cattle farms Corse-du-Sud in Corse,Corse
cattle farms Haute-Corse in Corse,Corse
livestock farms Corse-du-Sud in Corse,Corse
livestock farms Haute-Corse in Corse,Corse
pig farms Corse-du-Sud in Corse,Corse
pig farms Haute-Corse in Corse,Corse
fish farms Corse-du-Sud in Corse,Corse
fish farms Haute-Corse in Corse,Corse
aquaculture farms Corse-du-Sud in Corse,Corse
aquaculture farms Haute-Corse in Corse,Corse
egg farmers Corse-du-Sud in Corse,Corse
egg farmers Haute-Corse in Corse,Corse
chicken hatchery Corse-du-Sud in Corse,Corse
chicken hatchery Haute-Corse in Corse,Corse
shrimp farms Corse-du-Sud in Corse,Corse
shrimp farms Haute-Corse in Corse,Corse
seafood farms Corse-du-Sud in Corse,Corse
seafood farms Haute-Corse in Corse,Corse
beef farms Corse-du-Sud in Corse,Corse
beef farms Haute-Corse in Corse,Corse
meat producer Corse-du-Sud in Corse,Corse
meat producer Haute-Corse in Corse,Corse
dairy farms Ardennes in Grand Est,Grand Est
dairy farms Aube in Grand Est,Grand Est
dairy farms Bas-Rhin in Grand Est,Grand Est
dairy farms Haut-Rhin in Grand Est,Grand Est
dairy farms Haute-Marne in Grand Est,Grand Est
dairy farms Marne in Grand Est,Grand Est
dairy farms Meurthe-et-Moselle in Grand Est,Grand Est
dairy farms Meuse in Grand Est,Grand Est
dairy farms Moselle in Grand Est,Grand Est
dairy farms Vosges in Grand Est,Grand Est
poultry farms Ardennes in Grand Est,Grand Est
poultry farms Aube in Grand Est,Grand Est
poultry farms Bas-Rhin in Grand Est,Grand Est
poultry farms Haut-Rhin in Grand Est,Grand Est
poultry farms Haute-Marne in Grand Est,Grand Est
poultry farms Marne in Grand Est,Grand Est
poultry farms Meurthe-et-Moselle in Grand Est,Grand Est
poultry farms Meuse in Grand Est,Grand Est
poultry farms Moselle in Grand Est,Grand Est
poultry farms Vosges in Grand Est,Grand Est
cattle farms Ardennes in Grand Est,Grand Est
cattle farms Aube in Grand Est,Grand Est
cattle farms Bas-Rhin in Grand Est,Grand Est
cattle farms Haut-Rhin in Grand Est,Grand Est
cattle farms Haute-Marne in Grand Est,Grand Est
cattle farms Marne in Grand Est,Grand Est
cattle farms Meurthe-et-Moselle in Grand Est,Grand Est
cattle farms Meuse in Grand Est,Grand Est
cattle farms Moselle in Grand Est,Grand Est
cattle farms Vosges in Grand Est,Grand Est
livestock farms Ardennes in Grand Est,Grand Est
livestock farms Aube in Grand Est,Grand Est
livestock farms Bas-Rhin in Grand Est,Grand Est
livestock farms Haut-Rhin in Grand Est,Grand Est
livestock farms Haute-Marne in Grand Est,Grand Est
livestock farms Marne in Grand Est,Grand Est
livestock farms Meurthe-et-Moselle in Grand Est,Grand Est
livestock farms Meuse in Grand Est,Grand Est
livestock farms Moselle in Grand Est,Grand Est
livestock farms Vosges in Grand Est,Grand Est
pig farms Ardennes in Grand Est,Grand Est
pig farms Aube in Grand Est,Grand Est
pig farms Bas-Rhin in Grand Est,Grand Est
pig farms Haut-Rhin in Grand Est,Grand Est
pig farms Haute-Marne in Grand Est,Grand Est
pig farms Marne in Grand Est,Grand Est
pig farms Meurthe-et-Moselle in Grand Est,Grand Est
pig farms Meuse in Grand Est,Grand Est
pig farms Moselle in Grand Est,Grand Est
pig farms Vosges in Grand Est,Grand Est
fish farms Ardennes in Grand Est,Grand Est
fish farms Aube in Grand Est,Grand Est
fish farms Bas-Rhin in Grand Est,Grand Est
fish farms Haut-Rhin in Grand Est,Grand Est
fish farms Haute-Marne in Grand Est,Grand Est
fish farms Marne in Grand Est,Grand Est
fish farms Meurthe-et-Moselle in Grand Est,Grand Est
fish farms Meuse in Grand Est,Grand Est
fish farms Moselle in Grand Est,Grand Est
fish farms Vosges in Grand Est,Grand Est
aquaculture farms Ardennes in Grand Est,Grand Est
aquaculture farms Aube in Grand Est,Grand Est
aquaculture farms Bas-Rhin in Grand Est,Grand Est
aquaculture farms Haut-Rhin in Grand Est,Grand Est
aquaculture farms Haute-Marne in Grand Est,Grand Est
aquaculture farms Marne in Grand Est,Grand Est
aquaculture farms Meurthe-et-Moselle in Grand Est,Grand Est
aquaculture farms Meuse in Grand Est,Grand Est
aquaculture farms Moselle in Grand Est,Grand Est
aquaculture farms Vosges in Grand Est,Grand Est
egg farmers Ardennes in Grand Est,Grand Est
egg farmers Aube in Grand Est,Grand Est
egg farmers Bas-Rhin in Grand Est,Grand Est
egg farmers Haut-Rhin in Grand Est,Grand Est
egg farmers Haute-Marne in Grand Est,Grand Est
egg farmers Marne in Grand Est,Grand Est
egg farmers Meurthe-et-Moselle in Grand Est,Grand Est
egg farmers Meuse in Grand Est,Grand Est
egg farmers Moselle in Grand Est,Grand Est
egg farmers Vosges in Grand Est,Grand Est
chicken hatchery Ardennes in Grand Est,Grand Est
chicken hatchery Aube in Grand Est,Grand Est
chicken hatchery Bas-Rhin in Grand Est,Grand Est
chicken hatchery Haut-Rhin in Grand Est,Grand Est
chicken hatchery Haute-Marne in Grand Est,Grand Est
chicken hatchery Marne in Grand Est,Grand Est
chicken hatchery Meurthe-et-Moselle in Grand Est,Grand Est
chicken hatchery Meuse in Grand Est,Grand Est
chicken hatchery Moselle in Grand Est,Grand Est
chicken hatchery Vosges in Grand Est,Grand Est
shrimp farms Ardennes in Grand Est,Grand Est
shrimp farms Aube in Grand Est,Grand Est
shrimp farms Bas-Rhin in Grand Est,Grand Est
shrimp farms Haut-Rhin in Grand Est,Grand Est
shrimp farms Haute-Marne in Grand Est,Grand Est
shrimp farms Marne in Grand Est,Grand Est
shrimp farms Meurthe-et-Moselle in Grand Est,Grand Est
shrimp farms Meuse in Grand Est,Grand Est
shrimp farms Moselle in Grand Est,Grand Est
shrimp farms Vosges in Grand Est,Grand Est
seafood farms Ardennes in Grand Est,Grand Est
seafood farms Aube in Grand Est,Grand Est
seafood farms Bas-Rhin in Grand Est,Grand Est
seafood farms Haut-Rhin in Grand Est,Grand Est
seafood farms Haute-Marne in Grand Est,Grand Est
seafood farms Marne in Grand Est,Grand Est
seafood farms Meurthe-et-Moselle in Grand Est,Grand Est
seafood farms Meuse in Grand Est,Grand Est
seafood farms Moselle in Grand Est,Grand Est
seafood farms Vosges in Grand Est,Grand Est
beef farms Ardennes in Grand Est,Grand Est
beef farms Aube in Grand Est,Grand Est
beef farms Bas-Rhin in Grand Est,Grand Est
beef farms Haut-Rhin in Grand Est,Grand Est
beef farms Haute-Marne in Grand Est,Grand Est
beef farms Marne in Grand Est,Grand Est
beef farms Meurthe-et-Moselle in Grand Est,Grand Est
beef farms Meuse in Grand Est,Grand Est
beef farms Moselle in Grand Est,Grand Est
beef farms Vosges in Grand Est,Grand Est
meat producer Ardennes in Grand Est,Grand Est
meat producer Aube in Grand Est,Grand Est
meat producer Bas-Rhin in Grand Est,Grand Est
meat producer Haut-Rhin in Grand Est,Grand Est
meat producer Haute-Marne in Grand Est,Grand Est
meat producer Marne in Grand Est,Grand Est
meat producer Meurthe-et-Moselle in Grand Est,Grand Est
meat producer Meuse in Grand Est,Grand Est
meat producer Moselle in Grand Est,Grand Est
meat producer Vosges in Grand Est,Grand Est
dairy farms Aisne in Hauts-de-France,Hauts-de-France
dairy farms Nord in Hauts-de-France,Hauts-de-France
dairy farms Oise in Hauts-de-France,Hauts-de-France
dairy farms Pas-de-Calais in Hauts-de-France,Hauts-de-France
dairy farms Somme in Hauts-de-France,Hauts-de-France
poultry farms Aisne in Hauts-de-France,Hauts-de-France
poultry farms Nord in Hauts-de-France,Hauts-de-France
poultry farms Oise in Hauts-de-France,Hauts-de-France
poultry farms Pas-de-Calais in Hauts-de-France,Hauts-de-France
poultry farms Somme in Hauts-de-France,Hauts-de-France
cattle farms Aisne in Hauts-de-France,Hauts-de-France
cattle farms Nord in Hauts-de-France,Hauts-de-France
cattle farms Oise in Hauts-de-France,Hauts-de-France
cattle farms Pas-de-Calais in Hauts-de-France,Hauts-de-France
cattle farms Somme in Hauts-de-France,Hauts-de-France
livestock farms Aisne in Hauts-de-France,Hauts-de-France
livestock farms Nord in Hauts-de-France,Hauts-de-France
livestock farms Oise in Hauts-de-France,Hauts-de-France
livestock farms Pas-de-Calais in Hauts-de-France,Hauts-de-France
livestock farms Somme in Hauts-de-France,Hauts-de-France
pig farms Aisne in Hauts-de-France,Hauts-de-France
pig farms Nord in Hauts-de-France,Hauts-de-France
pig farms Oise in Hauts-de-France,Hauts-de-France
pig farms Pas-de-Calais in Hauts-de-France,Hauts-de-France
pig farms Somme in Hauts-de-France,Hauts-de-France
fish farms Aisne in Hauts-de-France,Hauts-de-France
fish farms Nord in Hauts-de-France,Hauts-de-France
fish farms Oise in Hauts-de-France,Hauts-de-France
fish farms Pas-de-Calais in Hauts-de-France,Hauts-de-France
fish farms Somme in Hauts-de-France,Hauts-de-France
aquaculture farms Aisne in Hauts-de-France,Hauts-de-France
aquaculture farms Nord in Hauts-de-France,Hauts-de-France
aquaculture farms Oise in Hauts-de-France,Hauts-de-France
aquaculture farms Pas-de-Calais in Hauts-de-France,Hauts-de-France
aquaculture farms Somme in Hauts-de-France,Hauts-de-France
egg farmers Aisne in Hauts-de-France,Hauts-de-France
egg farmers Nord in Hauts-de-France,Hauts-de-France
egg farmers Oise in Hauts-de-France,Hauts-de-France
egg farmers Pas-de-Calais in Hauts-de-France,Hauts-de-France
egg farmers Somme in Hauts-de-France,Hauts-de-France
chicken hatchery Aisne in Hauts-de-France,Hauts-de-France
chicken hatchery Nord in Hauts-de-France,Hauts-de-France
chicken hatchery Oise in Hauts-de-France,Hauts-de-France
chicken hatchery Pas-de-Calais in Hauts-de-France,Hauts-de-France
chicken hatchery Somme in Hauts-de-France,Hauts-de-France
shrimp farms Aisne in Hauts-de-France,Hauts-de-France
shrimp farms Nord in Hauts-de-France,Hauts-de-France
shrimp farms Oise in Hauts-de-France,Hauts-de-France
shrimp farms Pas-de-Calais in Hauts-de-France,Hauts-de-France
shrimp farms Somme in Hauts-de-France,Hauts-de-France
seafood farms Aisne in Hauts-de-France,Hauts-de-France
seafood farms Nord in Hauts-de-France,Hauts-de-France
seafood farms Oise in Hauts-de-France,Hauts-de-France
seafood farms Pas-de-Calais in Hauts-de-France,Hauts-de-France
seafood farms Somme in Hauts-de-France,Hauts-de-France
beef farms Aisne in Hauts-de-France,Hauts-de-France
beef farms Nord in Hauts-de-France,Hauts-de-France
beef farms Oise in Hauts-de-France,Hauts-de-France
beef farms Pas-de-Calais in Hauts-de-France,Hauts-de-France
beef farms Somme in Hauts-de-France,Hauts-de-France
meat producer Aisne in Hauts-de-France,Hauts-de-France
meat producer Nord in Hauts-de-France,Hauts-de-France
meat producer Oise in Hauts-de-France,Hauts-de-France
meat producer Pas-de-Calais in Hauts-de-France,Hauts-de-France
meat producer Somme in Hauts-de-France,Hauts-de-France
dairy farms Calvados in Normandie,Normandie
dairy farms Eure in Normandie,Normandie
dairy farms Manche in Normandie,Normandie
dairy farms Orne in Normandie,Normandie
dairy farms Seine-Maritime in Normandie,Normandie
poultry farms Calvados in Normandie,Normandie
poultry farms Eure in Normandie,Normandie
poultry farms Manche in Normandie,Normandie
poultry farms Orne in Normandie,Normandie
poultry farms Seine-Maritime in Normandie,Normandie
cattle farms Calvados in Normandie,Normandie
cattle farms Eure in Normandie,Normandie
cattle farms Manche in Normandie,Normandie
cattle farms Orne in Normandie,Normandie
cattle farms Seine-Maritime in Normandie,Normandie
livestock farms Calvados in Normandie,Normandie
livestock farms Eure in Normandie,Normandie
livestock farms Manche in Normandie,Normandie
livestock farms Orne in Normandie,Normandie
livestock farms Seine-Maritime in Normandie,Normandie
pig farms Calvados in Normandie,Normandie
pig farms Eure in Normandie,Normandie
pig farms Manche in Normandie,Normandie
pig farms Orne in Normandie,Normandie
pig farms Seine-Maritime in Normandie,Normandie
fish farms Calvados in Normandie,Normandie
fish farms Eure in Normandie,Normandie
fish farms Manche in Normandie,Normandie
fish farms Orne in Normandie,Normandie
fish farms Seine-Maritime in Normandie,Normandie
aquaculture farms Calvados in Normandie,Normandie
aquaculture farms Eure in Normandie,Normandie
aquaculture farms Manche in Normandie,Normandie
aquaculture farms Orne in Normandie,Normandie
aquaculture farms Seine-Maritime in Normandie,Normandie
egg farmers Calvados in Normandie,Normandie
egg farmers Eure in Normandie,Normandie
egg farmers Manche in Normandie,Normandie
egg farmers Orne in Normandie,Normandie
egg farmers Seine-Maritime in Normandie,Normandie
chicken hatchery Calvados in Normandie,Normandie
chicken hatchery Eure in Normandie,Normandie
chicken hatchery Manche in Normandie,Normandie
chicken hatchery Orne in Normandie,Normandie
chicken hatchery Seine-Maritime in Normandie,Normandie
shrimp farms Calvados in Normandie,Normandie
shrimp farms Eure in Normandie,Normandie
shrimp farms Manche in Normandie,Normandie
shrimp farms Orne in Normandie,Normandie
shrimp farms Seine-Maritime in Normandie,Normandie
seafood farms Calvados in Normandie,Normandie
seafood farms Eure in Normandie,Normandie
seafood farms Manche in Normandie,Normandie
seafood farms Orne in Normandie,Normandie
seafood farms Seine-Maritime in Normandie,Normandie
beef farms Calvados in Normandie,Normandie
beef farms Eure in Normandie,Normandie
beef farms Manche in Normandie,Normandie
beef farms Orne in Normandie,Normandie
beef farms Seine-Maritime in Normandie,Normandie
meat producer Calvados in Normandie,Normandie
meat producer Eure in Normandie,Normandie
meat producer Manche in Normandie,Normandie
meat producer Orne in Normandie,Normandie
meat producer Seine-Maritime in Normandie,Normandie
dairy farms Charente in Nouvelle-Aquitaine,Nouvelle-Aquitaine
dairy farms Charente-Maritime in Nouvelle-Aquitaine,Nouvelle-Aquitaine
dairy farms Corrèze in Nouvelle-Aquitaine,Nouvelle-Aquitaine
dairy farms Creuse in Nouvelle-Aquitaine,Nouvelle-Aquitaine
dairy farms Deux-Sèvres in Nouvelle-Aquitaine,Nouvelle-Aquitaine
dairy farms Dordogne in Nouvelle-Aquitaine,Nouvelle-Aquitaine
dairy farms Gironde in Nouvelle-Aquitaine,Nouvelle-Aquitaine
dairy farms Haute-Vienne in Nouvelle-Aquitaine,Nouvelle-Aquitaine
dairy farms Landes in Nouvelle-Aquitaine,Nouvelle-Aquitaine
dairy farms Lot-et-Garonne in Nouvelle-Aquitaine,Nouvelle-Aquitaine
dairy farms Pyrénées-Atlantiques in Nouvelle-Aquitaine,Nouvelle-Aquitaine
dairy farms Vienne in Nouvelle-Aquitaine,Nouvelle-Aquitaine
poultry farms Charente in Nouvelle-Aquitaine,Nouvelle-Aquitaine
poultry farms Charente-Maritime in Nouvelle-Aquitaine,Nouvelle-Aquitaine
poultry farms Corrèze in Nouvelle-Aquitaine,Nouvelle-Aquitaine
poultry farms Creuse in Nouvelle-Aquitaine,Nouvelle-Aquitaine
poultry farms Deux-Sèvres in Nouvelle-Aquitaine,Nouvelle-Aquitaine
poultry farms Dordogne in Nouvelle-Aquitaine,Nouvelle-Aquitaine
poultry farms Gironde in Nouvelle-Aquitaine,Nouvelle-Aquitaine
poultry farms Haute-Vienne in Nouvelle-Aquitaine,Nouvelle-Aquitaine
poultry farms Landes in Nouvelle-Aquitaine,Nouvelle-Aquitaine
poultry farms Lot-et-Garonne in Nouvelle-Aquitaine,Nouvelle-Aquitaine
poultry farms Pyrénées-Atlantiques in Nouvelle-Aquitaine,Nouvelle-Aquitaine
poultry farms Vienne in Nouvelle-Aquitaine,Nouvelle-Aquitaine
cattle farms Charente in Nouvelle-Aquitaine,Nouvelle-Aquitaine
cattle farms Charente-Maritime in Nouvelle-Aquitaine,Nouvelle-Aquitaine
cattle farms Corrèze in Nouvelle-Aquitaine,Nouvelle-Aquitaine
cattle farms Creuse in Nouvelle-Aquitaine,Nouvelle-Aquitaine
cattle farms Deux-Sèvres in Nouvelle-Aquitaine,Nouvelle-Aquitaine
cattle farms Dordogne in Nouvelle-Aquitaine,Nouvelle-Aquitaine
cattle farms Gironde in Nouvelle-Aquitaine,Nouvelle-Aquitaine
cattle farms Haute-Vienne in Nouvelle-Aquitaine,Nouvelle-Aquitaine
cattle farms Landes in Nouvelle-Aquitaine,Nouvelle-Aquitaine
cattle farms Lot-et-Garonne in Nouvelle-Aquitaine,Nouvelle-Aquitaine
cattle farms Pyrénées-Atlantiques in Nouvelle-Aquitaine,Nouvelle-Aquitaine
cattle farms Vienne in Nouvelle-Aquitaine,Nouvelle-Aquitaine
livestock farms Charente in Nouvelle-Aquitaine,Nouvelle-Aquitaine
livestock farms Charente-Maritime in Nouvelle-Aquitaine,Nouvelle-Aquitaine
livestock farms Corrèze in Nouvelle-Aquitaine,Nouvelle-Aquitaine
livestock farms Creuse in Nouvelle-Aquitaine,Nouvelle-Aquitaine
livestock farms Deux-Sèvres in Nouvelle-Aquitaine,Nouvelle-Aquitaine
livestock farms Dordogne in Nouvelle-Aquitaine,Nouvelle-Aquitaine
livestock farms Gironde in Nouvelle-Aquitaine,Nouvelle-Aquitaine
livestock farms Haute-Vienne in Nouvelle-Aquitaine,Nouvelle-Aquitaine
livestock farms Landes in Nouvelle-Aquitaine,Nouvelle-Aquitaine
livestock farms Lot-et-Garonne in Nouvelle-Aquitaine,Nouvelle-Aquitaine
livestock farms Pyrénées-Atlantiques in Nouvelle-Aquitaine,Nouvelle-Aquitaine
livestock farms Vienne in Nouvelle-Aquitaine,Nouvelle-Aquitaine
pig farms Charente in Nouvelle-Aquitaine,Nouvelle-Aquitaine
pig farms Charente-Maritime in Nouvelle-Aquitaine,Nouvelle-Aquitaine
pig farms Corrèze in Nouvelle-Aquitaine,Nouvelle-Aquitaine
pig farms Creuse in Nouvelle-Aquitaine,Nouvelle-Aquitaine
pig farms Deux-Sèvres in Nouvelle-Aquitaine,Nouvelle-Aquitaine
pig farms Dordogne in Nouvelle-Aquitaine,Nouvelle-Aquitaine
pig farms Gironde in Nouvelle-Aquitaine,Nouvelle-Aquitaine
pig farms Haute-Vienne in Nouvelle-Aquitaine,Nouvelle-Aquitaine
pig farms Landes in Nouvelle-Aquitaine,Nouvelle-Aquitaine
pig farms Lot-et-Garonne in Nouvelle-Aquitaine,Nouvelle-Aquitaine
pig farms Pyrénées-Atlantiques in Nouvelle-Aquitaine,Nouvelle-Aquitaine
pig farms Vienne in Nouvelle-Aquitaine,Nouvelle-Aquitaine
fish farms Charente in Nouvelle-Aquitaine,Nouvelle-Aquitaine
fish farms Charente-Maritime in Nouvelle-Aquitaine,Nouvelle-Aquitaine
fish farms Corrèze in Nouvelle-Aquitaine,Nouvelle-Aquitaine
fish farms Creuse in Nouvelle-Aquitaine,Nouvelle-Aquitaine
fish farms Deux-Sèvres in Nouvelle-Aquitaine,Nouvelle-Aquitaine
fish farms Dordogne in Nouvelle-Aquitaine,Nouvelle-Aquitaine
fish farms Gironde in Nouvelle-Aquitaine,Nouvelle-Aquitaine
fish farms Haute-Vienne in Nouvelle-Aquitaine,Nouvelle-Aquitaine
fish farms Landes in Nouvelle-Aquitaine,Nouvelle-Aquitaine
fish farms Lot-et-Garonne in Nouvelle-Aquitaine,Nouvelle-Aquitaine
fish farms Pyrénées-Atlantiques in Nouvelle-Aquitaine,Nouvelle-Aquitaine
fish farms Vienne in Nouvelle-Aquitaine,Nouvelle-Aquitaine
aquaculture farms Charente in Nouvelle-Aquitaine,Nouvelle-Aquitaine
aquaculture farms Charente-Maritime in Nouvelle-Aquitaine,Nouvelle-Aquitaine
aquaculture farms Corrèze in Nouvelle-Aquitaine,Nouvelle-Aquitaine
aquaculture farms Creuse in Nouvelle-Aquitaine,Nouvelle-Aquitaine
aquaculture farms Deux-Sèvres in Nouvelle-Aquitaine,Nouvelle-Aquitaine
aquaculture farms Dordogne in Nouvelle-Aquitaine,Nouvelle-Aquitaine
aquaculture farms Gironde in Nouvelle-Aquitaine,Nouvelle-Aquitaine
aquaculture farms Haute-Vienne in Nouvelle-Aquitaine,Nouvelle-Aquitaine
aquaculture farms Landes in Nouvelle-Aquitaine,Nouvelle-Aquitaine
aquaculture farms Lot-et-Garonne in Nouvelle-Aquitaine,Nouvelle-Aquitaine
aquaculture farms Pyrénées-Atlantiques in Nouvelle-Aquitaine,Nouvelle-Aquitaine
aquaculture farms Vienne in Nouvelle-Aquitaine,Nouvelle-Aquitaine
egg farmers Charente in Nouvelle-Aquitaine,Nouvelle-Aquitaine
egg farmers Charente-Maritime in Nouvelle-Aquitaine,Nouvelle-Aquitaine
egg farmers Corrèze in Nouvelle-Aquitaine,Nouvelle-Aquitaine
egg farmers Creuse in Nouvelle-Aquitaine,Nouvelle-Aquitaine
egg farmers Deux-Sèvres in Nouvelle-Aquitaine,Nouvelle-Aquitaine
egg farmers Dordogne in Nouvelle-Aquitaine,Nouvelle-Aquitaine
egg farmers Gironde in Nouvelle-Aquitaine,Nouvelle-Aquitaine
egg farmers Haute-Vienne in Nouvelle-Aquitaine,Nouvelle-Aquitaine
egg farmers Landes in Nouvelle-Aquitaine,Nouvelle-Aquitaine
egg farmers Lot-et-Garonne in Nouvelle-Aquitaine,Nouvelle-Aquitaine
egg farmers Pyrénées-Atlantiques in Nouvelle-Aquitaine,Nouvelle-Aquitaine
egg farmers Vienne in Nouvelle-Aquitaine,Nouvelle-Aquitaine
chicken hatchery Charente in Nouvelle-Aquitaine,Nouvelle-Aquitaine
chicken hatchery Charente-Maritime in Nouvelle-Aquitaine,Nouvelle-Aquitaine
chicken hatchery Corrèze in Nouvelle-Aquitaine,Nouvelle-Aquitaine
chicken hatchery Creuse in Nouvelle-Aquitaine,Nouvelle-Aquitaine
chicken hatchery Deux-Sèvres in Nouvelle-Aquitaine,Nouvelle-Aquitaine
chicken hatchery Dordogne in Nouvelle-Aquitaine,Nouvelle-Aquitaine
chicken hatchery Gironde in Nouvelle-Aquitaine,Nouvelle-Aquitaine
chicken hatchery Haute-Vienne in Nouvelle-Aquitaine,Nouvelle-Aquitaine
chicken hatchery Landes in Nouvelle-Aquitaine,Nouvelle-Aquitaine
chicken hatchery Lot-et-Garonne in Nouvelle-Aquitaine,Nouvelle-Aquitaine
chicken hatchery Pyrénées-Atlantiques in Nouvelle-Aquitaine,Nouvelle-Aquitaine
chicken hatchery Vienne in Nouvelle-Aquitaine,Nouvelle-Aquitaine
shrimp farms Charente in Nouvelle-Aquitaine,Nouvelle-Aquitaine
shrimp farms Charente-Maritime in Nouvelle-Aquitaine,Nouvelle-Aquitaine
shrimp farms Corrèze in Nouvelle-Aquitaine,Nouvelle-Aquitaine
shrimp farms Creuse in Nouvelle-Aquitaine,Nouvelle-Aquitaine
shrimp farms Deux-Sèvres in Nouvelle-Aquitaine,Nouvelle-Aquitaine
shrimp farms Dordogne in Nouvelle-Aquitaine,Nouvelle-Aquitaine
shrimp farms Gironde in Nouvelle-Aquitaine,Nouvelle-Aquitaine
shrimp farms Haute-Vienne in Nouvelle-Aquitaine,Nouvelle-Aquitaine
shrimp farms Landes in Nouvelle-Aquitaine,Nouvelle-Aquitaine
shrimp farms Lot-et-Garonne in Nouvelle-Aquitaine,Nouvelle-Aquitaine
shrimp farms Pyrénées-Atlantiques in Nouvelle-Aquitaine,Nouvelle-Aquitaine
shrimp farms Vienne in Nouvelle-Aquitaine,Nouvelle-Aquitaine
seafood farms Charente in Nouvelle-Aquitaine,Nouvelle-Aquitaine
seafood farms Charente-Maritime in Nouvelle-Aquitaine,Nouvelle-Aquitaine
seafood farms Corrèze in Nouvelle-Aquitaine,Nouvelle-Aquitaine
seafood farms Creuse in Nouvelle-Aquitaine,Nouvelle-Aquitaine
seafood farms Deux-Sèvres in Nouvelle-Aquitaine,Nouvelle-Aquitaine
seafood farms Dordogne in Nouvelle-Aquitaine,Nouvelle-Aquitaine
seafood farms Gironde in Nouvelle-Aquitaine,Nouvelle-Aquitaine
seafood farms Haute-Vienne in Nouvelle-Aquitaine,Nouvelle-Aquitaine
seafood farms Landes in Nouvelle-Aquitaine,Nouvelle-Aquitaine
seafood farms Lot-et-Garonne in Nouvelle-Aquitaine,Nouvelle-Aquitaine
seafood farms Pyrénées-Atlantiques in Nouvelle-Aquitaine,Nouvelle-Aquitaine
seafood farms Vienne in Nouvelle-Aquitaine,Nouvelle-Aquitaine
beef farms Charente in Nouvelle-Aquitaine,Nouvelle-Aquitaine
beef farms Charente-Maritime in Nouvelle-Aquitaine,Nouvelle-Aquitaine
beef farms Corrèze in Nouvelle-Aquitaine,Nouvelle-Aquitaine
beef farms Creuse in Nouvelle-Aquitaine,Nouvelle-Aquitaine
beef farms Deux-Sèvres in Nouvelle-Aquitaine,Nouvelle-Aquitaine
beef farms Dordogne in Nouvelle-Aquitaine,Nouvelle-Aquitaine
beef farms Gironde in Nouvelle-Aquitaine,Nouvelle-Aquitaine
beef farms Haute-Vienne in Nouvelle-Aquitaine,Nouvelle-Aquitaine
beef farms Landes in Nouvelle-Aquitaine,Nouvelle-Aquitaine
beef farms Lot-et-Garonne in Nouvelle-Aquitaine,Nouvelle-Aquitaine
beef farms Pyrénées-Atlantiques in Nouvelle-Aquitaine,Nouvelle-Aquitaine
beef farms Vienne in Nouvelle-Aquitaine,Nouvelle-Aquitaine
meat producer Charente in Nouvelle-Aquitaine,Nouvelle-Aquitaine
meat producer Charente-Maritime in Nouvelle-Aquitaine,Nouvelle-Aquitaine
meat producer Corrèze in Nouvelle-Aquitaine,Nouvelle-Aquitaine
meat producer Creuse in Nouvelle-Aquitaine,Nouvelle-Aquitaine
meat producer Deux-Sèvres in Nouvelle-Aquitaine,Nouvelle-Aquitaine
meat producer Dordogne in Nouvelle-Aquitaine,Nouvelle-Aquitaine
meat producer Gironde in Nouvelle-Aquitaine,Nouvelle-Aquitaine
meat producer Haute-Vienne in Nouvelle-Aquitaine,Nouvelle-Aquitaine
meat producer Landes in Nouvelle-Aquitaine,Nouvelle-Aquitaine
meat producer Lot-et-Garonne in Nouvelle-Aquitaine,Nouvelle-Aquitaine
meat producer Pyrénées-Atlantiques in Nouvelle-Aquitaine,Nouvelle-Aquitaine
meat producer Vienne in Nouvelle-Aquitaine,Nouvelle-Aquitaine
dairy farms Ariège in Occitanie,Occitanie
dairy farms Aude in Occitanie,Occitanie
dairy farms Aveyron in Occitanie,Occitanie
dairy farms Gard in Occitanie,Occitanie
dairy farms Gers in Occitanie,Occitanie
dairy farms Haute-Garonne in Occitanie,Occitanie
dairy farms Hautes-Pyrénées in Occitanie,Occitanie
dairy farms Hérault in Occitanie,Occitanie
dairy farms Lot in Occitanie,Occitanie
dairy farms Lozère in Occitanie,Occitanie
dairy farms Pyrénées-Orientales in Occitanie,Occitanie
dairy farms Tarn in Occitanie,Occitanie
dairy farms Tarn-et-Garonne in Occitanie,Occitanie
poultry farms Ariège in Occitanie,Occitanie
poultry farms Aude in Occitanie,Occitanie
poultry farms Aveyron in Occitanie,Occitanie
poultry farms Gard in Occitanie,Occitanie
poultry farms Gers in Occitanie,Occitanie
poultry farms Haute-Garonne in Occitanie,Occitanie
poultry farms Hautes-Pyrénées in Occitanie,Occitanie
poultry farms Hérault in Occitanie,Occitanie
poultry farms Lot in Occitanie,Occitanie
poultry farms Lozère in Occitanie,Occitanie
poultry farms Pyrénées-Orientales in Occitanie,Occitanie
poultry farms Tarn in Occitanie,Occitanie
poultry farms Tarn-et-Garonne in Occitanie,Occitanie
cattle farms Ariège in Occitanie,Occitanie
cattle farms Aude in Occitanie,Occitanie
cattle farms Aveyron in Occitanie,Occitanie
cattle farms Gard in Occitanie,Occitanie
cattle farms Gers in Occitanie,Occitanie
cattle farms Haute-Garonne in Occitanie,Occitanie
cattle farms Hautes-Pyrénées in Occitanie,Occitanie
cattle farms Hérault in Occitanie,Occitanie
cattle farms Lot in Occitanie,Occitanie
cattle farms Lozère in Occitanie,Occitanie
cattle farms Pyrénées-Orientales in Occitanie,Occitanie
cattle farms Tarn in Occitanie,Occitanie
cattle farms Tarn-et-Garonne in Occitanie,Occitanie
livestock farms Ariège in Occitanie,Occitanie
livestock farms Aude in Occitanie,Occitanie
livestock farms Aveyron in Occitanie,Occitanie
livestock farms Gard in Occitanie,Occitanie
livestock farms Gers in Occitanie,Occitanie
livestock farms Haute-Garonne in Occitanie,Occitanie
livestock farms Hautes-Pyrénées in Occitanie,Occitanie
livestock farms Hérault in Occitanie,Occitanie
livestock farms Lot in Occitanie,Occitanie
livestock farms Lozère in Occitanie,Occitanie
livestock farms Pyrénées-Orientales in Occitanie,Occitanie
livestock farms Tarn in Occitanie,Occitanie
livestock farms Tarn-et-Garonne in Occitanie,Occitanie
pig farms Ariège in Occitanie,Occitanie
pig farms Aude in Occitanie,Occitanie
pig farms Aveyron in Occitanie,Occitanie
pig farms Gard in Occitanie,Occitanie
pig farms Gers in Occitanie,Occitanie
pig farms Haute-Garonne in Occitanie,Occitanie
pig farms Hautes-Pyrénées in Occitanie,Occitanie
pig farms Hérault in Occitanie,Occitanie
pig farms Lot in Occitanie,Occitanie
pig farms Lozère in Occitanie,Occitanie
pig farms Pyrénées-Orientales in Occitanie,Occitanie
pig farms Tarn in Occitanie,Occitanie
pig farms Tarn-et-Garonne in Occitanie,Occitanie
fish farms Ariège in Occitanie,Occitanie
fish farms Aude in Occitanie,Occitanie
fish farms Aveyron in Occitanie,Occitanie
fish farms Gard in Occitanie,Occitanie
fish farms Gers in Occitanie,Occitanie
fish farms Haute-Garonne in Occitanie,Occitanie
fish farms Hautes-Pyrénées in Occitanie,Occitanie
fish farms Hérault in Occitanie,Occitanie
fish farms Lot in Occitanie,Occitanie
fish farms Lozère in Occitanie,Occitanie
fish farms Pyrénées-Orientales in Occitanie,Occitanie
fish farms Tarn in Occitanie,Occitanie
fish farms Tarn-et-Garonne in Occitanie,Occitanie
aquaculture farms Ariège in Occitanie,Occitanie
aquaculture farms Aude in Occitanie,Occitanie
aquaculture farms Aveyron in Occitanie,Occitanie
aquaculture farms Gard in Occitanie,Occitanie
aquaculture farms Gers in Occitanie,Occitanie
aquaculture farms Haute-Garonne in Occitanie,Occitanie
aquaculture farms Hautes-Pyrénées in Occitanie,Occitanie
aquaculture farms Hérault in Occitanie,Occitanie
aquaculture farms Lot in Occitanie,Occitanie
aquaculture farms Lozère in Occitanie,Occitanie
aquaculture farms Pyrénées-Orientales in Occitanie,Occitanie
aquaculture farms Tarn in Occitanie,Occitanie
aquaculture farms Tarn-et-Garonne in Occitanie,Occitanie
egg farmers Ariège in Occitanie,Occitanie
egg farmers Aude in Occitanie,Occitanie
egg farmers Aveyron in Occitanie,Occitanie
egg farmers Gard in Occitanie,Occitanie
egg farmers Gers in Occitanie,Occitanie
egg farmers Haute-Garonne in Occitanie,Occitanie
egg farmers Hautes-Pyrénées in Occitanie,Occitanie
egg farmers Hérault in Occitanie,Occitanie
egg farmers Lot in Occitanie,Occitanie
egg farmers Lozère in Occitanie,Occitanie
egg farmers Pyrénées-Orientales in Occitanie,Occitanie
egg farmers Tarn in Occitanie,Occitanie
egg farmers Tarn-et-Garonne in Occitanie,Occitanie
chicken hatchery Ariège in Occitanie,Occitanie
chicken hatchery Aude in Occitanie,Occitanie
chicken hatchery Aveyron in Occitanie,Occitanie
chicken hatchery Gard in Occitanie,Occitanie
chicken hatchery Gers in Occitanie,Occitanie
chicken hatchery Haute-Garonne in Occitanie,Occitanie
chicken hatchery Hautes-Pyrénées in Occitanie,Occitanie
chicken hatchery Hérault in Occitanie,Occitanie
chicken hatchery Lot in Occitanie,Occitanie
chicken hatchery Lozère in Occitanie,Occitanie
chicken hatchery Pyrénées-Orientales in Occitanie,Occitanie
chicken hatchery Tarn in Occitanie,Occitanie
chicken hatchery Tarn-et-Garonne in Occitanie,Occitanie
shrimp farms Ariège in Occitanie,Occitanie
shrimp farms Aude in Occitanie,Occitanie
shrimp farms Aveyron in Occitanie,Occitanie
shrimp farms Gard in Occitanie,Occitanie
shrimp farms Gers in Occitanie,Occitanie
shrimp farms Haute-Garonne in Occitanie,Occitanie
shrimp farms Hautes-Pyrénées in Occitanie,Occitanie
shrimp farms Hérault in Occitanie,Occitanie
shrimp farms Lot in Occitanie,Occitanie
shrimp farms Lozère in Occitanie,Occitanie
shrimp farms Pyrénées-Orientales in Occitanie,Occitanie
shrimp farms Tarn in Occitanie,Occitanie
shrimp farms Tarn-et-Garonne in Occitanie,Occitanie
seafood farms Ariège in Occitanie,Occitanie
seafood farms Aude in Occitanie,Occitanie
seafood farms Aveyron in Occitanie,Occitanie
seafood farms Gard in Occitanie,Occitanie
seafood farms Gers in Occitanie,Occitanie
seafood farms Haute-Garonne in Occitanie,Occitanie
seafood farms Hautes-Pyrénées in Occitanie,Occitanie
seafood farms Hérault in Occitanie,Occitanie
seafood farms Lot in Occitanie,Occitanie
seafood farms Lozère in Occitanie,Occitanie
seafood farms Pyrénées-Orientales in Occitanie,Occitanie
seafood farms Tarn in Occitanie,Occitanie
seafood farms Tarn-et-Garonne in Occitanie,Occitanie
beef farms Ariège in Occitanie,Occitanie
beef farms Aude in Occitanie,Occitanie
beef farms Aveyron in Occitanie,Occitanie
beef farms Gard in Occitanie,Occitanie
beef farms Gers in Occitanie,Occitanie
beef farms Haute-Garonne in Occitanie,Occitanie
beef farms Hautes-Pyrénées in Occitanie,Occitanie
beef farms Hérault in Occitanie,Occitanie
beef farms Lot in Occitanie,Occitanie
beef farms Lozère in Occitanie,Occitanie
beef farms Pyrénées-Orientales in Occitanie,Occitanie
beef farms Tarn in Occitanie,Occitanie
beef farms Tarn-et-Garonne in Occitanie,Occitanie
meat producer Ariège in Occitanie,Occitanie
meat producer Aude in Occitanie,Occitanie
meat producer Aveyron in Occitanie,Occitanie
meat producer Gard in Occitanie,Occitanie
meat producer Gers in Occitanie,Occitanie
meat producer Haute-Garonne in Occitanie,Occitanie
meat producer Hautes-Pyrénées in Occitanie,Occitanie
meat producer Hérault in Occitanie,Occitanie
meat producer Lot in Occitanie,Occitanie
meat producer Lozère in Occitanie,Occitanie
meat producer Pyrénées-Orientales in Occitanie,Occitanie
meat producer Tarn in Occitanie,Occitanie
meat producer Tarn-et-Garonne in Occitanie,Occitanie
dairy farms Loire-Atlantique in Pays de la Loire,Pays de la Loire
dairy farms Maine-et-Loire in Pays de la Loire,Pays de la Loire
dairy farms Mayenne in Pays de la Loire,Pays de la Loire
dairy farms Sarthe in Pays de la Loire,Pays de la Loire
dairy farms Vendée in Pays de la Loire,Pays de la Loire
poultry farms Loire-Atlantique in Pays de la Loire,Pays de la Loire
poultry farms Maine-et-Loire in Pays de la Loire,Pays de la Loire
poultry farms Mayenne in Pays de la Loire,Pays de la Loire
poultry farms Sarthe in Pays de la Loire,Pays de la Loire
poultry farms Vendée in Pays de la Loire,Pays de la Loire
cattle farms Loire-Atlantique in Pays de la Loire,Pays de la Loire
cattle farms Maine-et-Loire in Pays de la Loire,Pays de la Loire
cattle farms Mayenne in Pays de la Loire,Pays de la Loire
cattle farms Sarthe in Pays de la Loire,Pays de la Loire
cattle farms Vendée in Pays de la Loire,Pays de la Loire
livestock farms Loire-Atlantique in Pays de la Loire,Pays de la Loire
livestock farms Maine-et-Loire in Pays de la Loire,Pays de la Loire
livestock farms Mayenne in Pays de la Loire,Pays de la Loire
livestock farms Sarthe in Pays de la Loire,Pays de la Loire
livestock farms Vendée in Pays de la Loire,Pays de la Loire
pig farms Loire-Atlantique in Pays de la Loire,Pays de la Loire
pig farms Maine-et-Loire in Pays de la Loire,Pays de la Loire
pig farms Mayenne in Pays de la Loire,Pays de la Loire
pig farms Sarthe in Pays de la Loire,Pays de la Loire
pig farms Vendée in Pays de la Loire,Pays de la Loire
fish farms Loire-Atlantique in Pays de la Loire,Pays de la Loire
fish farms Maine-et-Loire in Pays de la Loire,Pays de la Loire
fish farms Mayenne in Pays de la Loire,Pays de la Loire
fish farms Sarthe in Pays de la Loire,Pays de la Loire
fish farms Vendée in Pays de la Loire,Pays de la Loire
aquaculture farms Loire-Atlantique in Pays de la Loire,Pays de la Loire
aquaculture farms Maine-et-Loire in Pays de la Loire,Pays de la Loire
aquaculture farms Mayenne in Pays de la Loire,Pays de la Loire
aquaculture farms Sarthe in Pays de la Loire,Pays de la Loire
aquaculture farms Vendée in Pays de la Loire,Pays de la Loire
egg farmers Loire-Atlantique in Pays de la Loire,Pays de la Loire
egg farmers Maine-et-Loire in Pays de la Loire,Pays de la Loire
egg farmers Mayenne in Pays de la Loire,Pays de la Loire
egg farmers Sarthe in Pays de la Loire,Pays de la Loire
egg farmers Vendée in Pays de la Loire,Pays de la Loire
chicken hatchery Loire-Atlantique in Pays de la Loire,Pays de la Loire
chicken hatchery Maine-et-Loire in Pays de la Loire,Pays de la Loire
chicken hatchery Mayenne in Pays de la Loire,Pays de la Loire
chicken hatchery Sarthe in Pays de la Loire,Pays de la Loire
chicken hatchery Vendée in Pays de la Loire,Pays de la Loire
shrimp farms Loire-Atlantique in Pays de la Loire,Pays de la Loire
shrimp farms Maine-et-Loire in Pays de la Loire,Pays de la Loire
shrimp farms Mayenne in Pays de la Loire,Pays de la Loire
shrimp farms Sarthe in Pays de la Loire,Pays de la Loire
shrimp farms Vendée in Pays de la Loire,Pays de la Loire
seafood farms Loire-Atlantique in Pays de la Loire,Pays de la Loire
seafood farms Maine-et-Loire in Pays de la Loire,Pays de la Loire
seafood farms Mayenne in Pays de la Loire,Pays de la Loire
seafood farms Sarthe in Pays de la Loire,Pays de la Loire
seafood farms Vendée in Pays de la Loire,Pays de la Loire
beef farms Loire-Atlantique in Pays de la Loire,Pays de la Loire
beef farms Maine-et-Loire in Pays de la Loire,Pays de la Loire
beef farms Mayenne in Pays de la Loire,Pays de la Loire
beef farms Sarthe in Pays de la Loire,Pays de la Loire
beef farms Vendée in Pays de la Loire,Pays de la Loire
meat producer Loire-Atlantique in Pays de la Loire,Pays de la Loire
meat producer Maine-et-Loire in Pays de la Loire,Pays de la Loire
meat producer Mayenne in Pays de la Loire,Pays de la Loire
meat producer Sarthe in Pays de la Loire,Pays de la Loire
meat producer Vendée in Pays de la Loire,Pays de la Loire
dairy farms Alpes-de-Haute-Provence in Provence-Alpes-Côte d'Azur,Provence-Alpes-Côte d'Azur
dairy farms Alpes-Maritimes in Provence-Alpes-Côte d'Azur,Provence-Alpes-Côte d'Azur
dairy farms Bouches-du-Rhône in Provence-Alpes-Côte d'Azur,Provence-Alpes-Côte d'Azur
dairy farms Hautes-Alpes in Provence-Alpes-Côte d'Azur,Provence-Alpes-Côte d'Azur
dairy farms Var in Provence-Alpes-Côte d'Azur,Provence-Alpes-Côte d'Azur
dairy farms Vaucluse in Provence-Alpes-Côte d'Azur,Provence-Alpes-Côte d'Azur
poultry farms Alpes-de-Haute-Provence in Provence-Alpes-Côte d'Azur,Provence-Alpes-Côte d'Azur
poultry farms Alpes-Maritimes in Provence-Alpes-Côte d'Azur,Provence-Alpes-Côte d'Azur
poultry farms Bouches-du-Rhône in Provence-Alpes-Côte d'Azur,Provence-Alpes-Côte d'Azur
poultry farms Hautes-Alpes in Provence-Alpes-Côte d'Azur,Provence-Alpes-Côte d'Azur
poultry farms Var in Provence-Alpes-Côte d'Azur,Provence-Alpes-Côte d'Azur
poultry farms Vaucluse in Provence-Alpes-Côte d'Azur,Provence-Alpes-Côte d'Azur
cattle farms Alpes-de-Haute-Provence in Provence-Alpes-Côte d'Azur,Provence-Alpes-Côte d'Azur
cattle farms Alpes-Maritimes in Provence-Alpes-Côte d'Azur,Provence-Alpes-Côte d'Azur
cattle farms Bouches-du-Rhône in Provence-Alpes-Côte d'Azur,Provence-Alpes-Côte d'Azur
cattle farms Hautes-Alpes in Provence-Alpes-Côte d'Azur,Provence-Alpes-Côte d'Azur
cattle farms Var in Provence-Alpes-Côte d'Azur,Provence-Alpes-Côte d'Azur
cattle farms Vaucluse in Provence-Alpes-Côte d'Azur,Provence-Alpes-Côte d'Azur
livestock farms Alpes-de-Haute-Provence in Provence-Alpes-Côte d'Azur,Provence-Alpes-Côte d'Azur
livestock farms Alpes-Maritimes in Provence-Alpes-Côte d'Azur,Provence-Alpes-Côte d'Azur
livestock farms Bouches-du-Rhône in Provence-Alpes-Côte d'Azur,Provence-Alpes-Côte d'Azur
livestock farms Hautes-Alpes in Provence-Alpes-Côte d'Azur,Provence-Alpes-Côte d'Azur
livestock farms Var in Provence-Alpes-Côte d'Azur,Provence-Alpes-Côte d'Azur
livestock farms Vaucluse in Provence-Alpes-Côte d'Azur,Provence-Alpes-Côte d'Azur
pig farms Alpes-de-Haute-Provence in Provence-Alpes-Côte d'Azur,Provence-Alpes-Côte d'Azur
pig farms Alpes-Maritimes in Provence-Alpes-Côte d'Azur,Provence-Alpes-Côte d'Azur
pig farms Bouches-du-Rhône in Provence-Alpes-Côte d'Azur,Provence-Alpes-Côte d'Azur
pig farms Hautes-Alpes in Provence-Alpes-Côte d'Azur,Provence-Alpes-Côte d'Azur
pig farms Var in Provence-Alpes-Côte d'Azur,Provence-Alpes-Côte d'Azur
pig farms Vaucluse in Provence-Alpes-Côte d'Azur,Provence-Alpes-Côte d'Azur
fish farms Alpes-de-Haute-Provence in Provence-Alpes-Côte d'Azur,Provence-Alpes-Côte d'Azur
fish farms Alpes-Maritimes in Provence-Alpes-Côte d'Azur,Provence-Alpes-Côte d'Azur
fish farms Bouches-du-Rhône in Provence-Alpes-Côte d'Azur,Provence-Alpes-Côte d'Azur
fish farms Hautes-Alpes in Provence-Alpes-Côte d'Azur,Provence-Alpes-Côte d'Azur
fish farms Var in Provence-Alpes-Côte d'Azur,Provence-Alpes-Côte d'Azur
fish farms Vaucluse in Provence-Alpes-Côte d'Azur,Provence-Alpes-Côte d'Azur
aquaculture farms Alpes-de-Haute-Provence in Provence-Alpes-Côte d'Azur,Provence-Alpes-Côte d'Azur
aquaculture farms Alpes-Maritimes in Provence-Alpes-Côte d'Azur,Provence-Alpes-Côte d'Azur
aquaculture farms Bouches-du-Rhône in Provence-Alpes-Côte d'Azur,Provence-Alpes-Côte d'Azur
aquaculture farms Hautes-Alpes in Provence-Alpes-Côte d'Azur,Provence-Alpes-Côte d'Azur
aquaculture farms Var in Provence-Alpes-Côte d'Azur,Provence-Alpes-Côte d'Azur
aquaculture farms Vaucluse in Provence-Alpes-Côte d'Azur,Provence-Alpes-Côte d'Azur
egg farmers Alpes-de-Haute-Provence in Provence-Alpes-Côte d'Azur,Provence-Alpes-Côte d'Azur
egg farmers Alpes-Maritimes in Provence-Alpes-Côte d'Azur,Provence-Alpes-Côte d'Azur
egg farmers Bouches-du-Rhône in Provence-Alpes-Côte d'Azur,Provence-Alpes-Côte d'Azur
egg farmers Hautes-Alpes in Provence-Alpes-Côte d'Azur,Provence-Alpes-Côte d'Azur
egg farmers Var in Provence-Alpes-Côte d'Azur,Provence-Alpes-Côte d'Azur
egg farmers Vaucluse in Provence-Alpes-Côte d'Azur,Provence-Alpes-Côte d'Azur
chicken hatchery Alpes-de-Haute-Provence in Provence-Alpes-Côte d'Azur,Provence-Alpes-Côte d'Azur
chicken hatchery Alpes-Maritimes in Provence-Alpes-Côte d'Azur,Provence-Alpes-Côte d'Azur
chicken hatchery Bouches-du-Rhône in Provence-Alpes-Côte d'Azur,Provence-Alpes-Côte d'Azur
chicken hatchery Hautes-Alpes in Provence-Alpes-Côte d'Azur,Provence-Alpes-Côte d'Azur
chicken hatchery Var in Provence-Alpes-Côte d'Azur,Provence-Alpes-Côte d'Azur
chicken hatchery Vaucluse in Provence-Alpes-Côte d'Azur,Provence-Alpes-Côte d'Azur
shrimp farms Alpes-de-Haute-Provence in Provence-Alpes-Côte d'Azur,Provence-Alpes-Côte d'Azur
shrimp farms Alpes-Maritimes in Provence-Alpes-Côte d'Azur,Provence-Alpes-Côte d'Azur
shrimp farms Bouches-du-Rhône in Provence-Alpes-Côte d'Azur,Provence-Alpes-Côte d'Azur
shrimp farms Hautes-Alpes in Provence-Alpes-Côte d'Azur,Provence-Alpes-Côte d'Azur
shrimp farms Var in Provence-Alpes-Côte d'Azur,Provence-Alpes-Côte d'Azur
shrimp farms Vaucluse in Provence-Alpes-Côte d'Azur,Provence-Alpes-Côte d'Azur
seafood farms Alpes-de-Haute-Provence in Provence-Alpes-Côte d'Azur,Provence-Alpes-Côte d'Azur
seafood farms Alpes-Maritimes in Provence-Alpes-Côte d'Azur,Provence-Alpes-Côte d'Azur
seafood farms Bouches-du-Rhône in Provence-Alpes-Côte d'Azur,Provence-Alpes-Côte d'Azur
seafood farms Hautes-Alpes in Provence-Alpes-Côte d'Azur,Provence-Alpes-Côte d'Azur
seafood farms Var in Provence-Alpes-Côte d'Azur,Provence-Alpes-Côte d'Azur
seafood farms Vaucluse in Provence-Alpes-Côte d'Azur,Provence-Alpes-Côte d'Azur
beef farms Alpes-de-Haute-Provence in Provence-Alpes-Côte d'Azur,Provence-Alpes-Côte d'Azur
beef farms Alpes-Maritimes in Provence-Alpes-Côte d'Azur,Provence-Alpes-Côte d'Azur
beef farms Bouches-du-Rhône in Provence-Alpes-Côte d'Azur,Provence-Alpes-Côte d'Azur
beef farms Hautes-Alpes in Provence-Alpes-Côte d'Azur,Provence-Alpes-Côte d'Azur
beef farms Var in Provence-Alpes-Côte d'Azur,Provence-Alpes-Côte d'Azur
beef farms Vaucluse in Provence-Alpes-Côte d'Azur,Provence-Alpes-Côte d'Azur
meat producer Alpes-de-Haute-Provence in Provence-Alpes-Côte d'Azur,Provence-Alpes-Côte d'Azur
meat producer Alpes-Maritimes in Provence-Alpes-Côte d'Azur,Provence-Alpes-Côte d'Azur
meat producer Bouches-du-Rhône in Provence-Alpes-Côte d'Azur,Provence-Alpes-Côte d'Azur
meat producer Hautes-Alpes in Provence-Alpes-Côte d'Azur,Provence-Alpes-Côte d'Azur
meat producer Var in Provence-Alpes-Côte d'Azur,Provence-Alpes-Côte d'Azur
meat producer Vaucluse in Provence-Alpes-Côte d'Azur,Provence-Alpes-Côte d'Azur
dairy farms Essonne in Île-de-France,Île-de-France
dairy farms Hauts-de-Seine in Île-de-France,Île-de-France
dairy farms Paris in Île-de-France,Île-de-France
dairy farms Seine-et-Marne in Île-de-France,Île-de-France
dairy farms Seine-Saint-Denis in Île-de-France,Île-de-France
dairy farms Val-d'Oise in Île-de-France,Île-de-France
dairy farms Val-de-Marne in Île-de-France,Île-de-France
dairy farms Yvelines in Île-de-France,Île-de-France
poultry farms Essonne in Île-de-France,Île-de-France
poultry farms Hauts-de-Seine in Île-de-France,Île-de-France
poultry farms Paris in Île-de-France,Île-de-France
poultry farms Seine-et-Marne in Île-de-France,Île-de-France
poultry farms Seine-Saint-Denis in Île-de-France,Île-de-France
poultry farms Val-d'Oise in Île-de-France,Île-de-France
poultry farms Val-de-Marne in Île-de-France,Île-de-France
poultry farms Yvelines in Île-de-France,Île-de-France
cattle farms Essonne in Île-de-France,Île-de-France
cattle farms Hauts-de-Seine in Île-de-France,Île-de-France
cattle farms Paris in Île-de-France,Île-de-France
cattle farms Seine-et-Marne in Île-de-France,Île-de-France
cattle farms Seine-Saint-Denis in Île-de-France,Île-de-France
cattle farms Val-d'Oise in Île-de-France,Île-de-France
cattle farms Val-de-Marne in Île-de-France,Île-de-France
cattle farms Yvelines in Île-de-France,Île-de-France
livestock farms Essonne in Île-de-France,Île-de-France
livestock farms Hauts-de-Seine in Île-de-France,Île-de-France
livestock farms Paris in Île-de-France,Île-de-France
livestock farms Seine-et-Marne in Île-de-France,Île-de-France
livestock farms Seine-Saint-Denis in Île-de-France,Île-de-France
livestock farms Val-d'Oise in Île-de-France,Île-de-France
livestock farms Val-de-Marne in Île-de-France,Île-de-France
livestock farms Yvelines in Île-de-France,Île-de-France
pig farms Essonne in Île-de-France,Île-de-France
pig farms Hauts-de-Seine in Île-de-France,Île-de-France
pig farms Paris in Île-de-France,Île-de-France
pig farms Seine-et-Marne in Île-de-France,Île-de-France
pig farms Seine-Saint-Denis in Île-de-France,Île-de-France
pig farms Val-d'Oise in Île-de-France,Île-de-France
pig farms Val-de-Marne in Île-de-France,Île-de-France
pig farms Yvelines in Île-de-France,Île-de-France
fish farms Essonne in Île-de-France,Île-de-France
fish farms Hauts-de-Seine in Île-de-France,Île-de-France
fish farms Paris in Île-de-France,Île-de-France
fish farms Seine-et-Marne in Île-de-France,Île-de-France
fish farms Seine-Saint-Denis in Île-de-France,Île-de-France
fish farms Val-d'Oise in Île-de-France,Île-de-France
fish farms Val-de-Marne in Île-de-France,Île-de-France
fish farms Yvelines in Île-de-France,Île-de-France
aquaculture farms Essonne in Île-de-France,Île-de-France
aquaculture farms Hauts-de-Seine in Île-de-France,Île-de-France
aquaculture farms Paris in Île-de-France,Île-de-France
aquaculture farms Seine-et-Marne in Île-de-France,Île-de-France
aquaculture farms Seine-Saint-Denis in Île-de-France,Île-de-France
aquaculture farms Val-d'Oise in Île-de-France,Île-de-France
aquaculture farms Val-de-Marne in Île-de-France,Île-de-France
aquaculture farms Yvelines in Île-de-France,Île-de-France
egg farmers Essonne in Île-de-France,Île-de-France
egg farmers Hauts-de-Seine in Île-de-France,Île-de-France
egg farmers Paris in Île-de-France,Île-de-France
egg farmers Seine-et-Marne in Île-de-France,Île-de-France
egg farmers Seine-Saint-Denis in Île-de-France,Île-de-France
egg farmers Val-d'Oise in Île-de-France,Île-de-France
egg farmers Val-de-Marne in Île-de-France,Île-de-France
egg farmers Yvelines in Île-de-France,Île-de-France
chicken hatchery Essonne in Île-de-France,Île-de-France
chicken hatchery Hauts-de-Seine in Île-de-France,Île-de-France
chicken hatchery Paris in Île-de-France,Île-de-France
chicken hatchery Seine-et-Marne in Île-de-France,Île-de-France
chicken hatchery Seine-Saint-Denis in Île-de-France,Île-de-France
chicken hatchery Val-d'Oise in Île-de-France,Île-de-France
chicken hatchery Val-de-Marne in Île-de-France,Île-de-France
chicken hatchery Yvelines in Île-de-France,Île-de-France
shrimp farms Essonne in Île-de-France,Île-de-France
shrimp farms Hauts-de-Seine in Île-de-France,Île-de-France
shrimp farms Paris in Île-de-France,Île-de-France
shrimp farms Seine-et-Marne in Île-de-France,Île-de-France
shrimp farms Seine-Saint-Denis in Île-de-France,Île-de-France
shrimp farms Val-d'Oise in Île-de-France,Île-de-France
shrimp farms Val-de-Marne in Île-de-France,Île-de-France
shrimp farms Yvelines in Île-de-France,Île-de-France
seafood farms Essonne in Île-de-France,Île-de-France
seafood farms Hauts-de-Seine in Île-de-France,Île-de-France
seafood farms Paris in Île-de-France,Île-de-France
seafood farms Seine-et-Marne in Île-de-France,Île-de-France
seafood farms Seine-Saint-Denis in Île-de-France,Île-de-France
seafood farms Val-d'Oise in Île-de-France,Île-de-France
seafood farms Val-de-Marne in Île-de-France,Île-de-France
seafood farms Yvelines in Île-de-France,Île-de-France
beef farms Essonne in Île-de-France,Île-de-France
beef farms Hauts-de-Seine in Île-de-France,Île-de-France
beef farms Paris in Île-de-France,Île-de-France
beef farms Seine-et-Marne in Île-de-France,Île-de-France
beef farms Seine-Saint-Denis in Île-de-France,Île-de-France
beef farms Val-d'Oise in Île-de-France,Île-de-France
beef farms Val-de-Marne in Île-de-France,Île-de-France
beef farms Yvelines in Île-de-France,Île-de-France
meat producer Essonne in Île-de-France,Île-de-France
meat producer Hauts-de-Seine in Île-de-France,Île-de-France
meat producer Paris in Île-de-France,Île-de-France
meat producer Seine-et-Marne in Île-de-France,Île-de-France
meat producer Seine-Saint-Denis in Île-de-France,Île-de-France
meat producer Val-d'Oise in Île-de-France,Île-de-France
meat producer Val-de-Marne in Île-de-France,Île-de-France
meat producer Yvelines in Île-de-France,Île-de-France
